name,description,price,image_150_key,image_500_key,image_1200_key
Ceramic Coffee Mug,Durable 350ml microwave and dishwasher safe ceramic mug for daily tea and coffee,12.99,products/1/thumb.webp,products/1/medium.webp,products/1/large.webp
Stainless Steel Water Bottle,Double-wall vacuum insulated 750ml flask keeping drinks cold for 24 hours,19.99,products/2/thumb.webp,products/2/medium.webp,products/2/large.webp
Organic Cotton Bath Towel,Ultra-soft and quick-drying 600 GSM combed cotton bath towel,15.49,products/3/thumb.webp,products/3/medium.webp,products/3/large.webp
Non-Stick Frying Pan,10-inch scratch-resistant aluminum skillet with ergonomic heat-proof handle,27.99,products/4/thumb.webp,products/4/medium.webp,products/4/large.webp
Chef's Kitchen Knife,8-inch high-carbon stainless steel multipurpose kitchen cutting knife,24.5,products/5/thumb.webp,products/5/medium.webp,products/5/large.webp
Bamboo Cutting Board,Eco-friendly organic bamboo chopping block with juice grooves,18,products/6/thumb.webp,products/6/medium.webp,products/6/large.webp
Microfiber Cleaning Cloths,Pack of 6 lint-free reusable dusting and cleaning towels,9.99,products/7/thumb.webp,products/7/medium.webp,products/7/large.webp
Liquid Hand Soap Refill,Lavender scented moisturising aloe vera liquid hand wash 1 liter,8.5,products/8/thumb.webp,products/8/medium.webp,products/8/large.webp
Cotton Bed Sheet Set,Breathable 400 thread count queen size fitted bedsheet with 2 pillowcases,39.99,products/9/thumb.webp,products/9/medium.webp,products/9/large.webp
Memory Foam Pillow,Ergonomic cervical neck support contour pillow for side and back sleepers,29.99,products/10/thumb.webp,products/10/medium.webp,products/10/large.webp
Glass Food Storage Containers,Set of 4 leak-proof airtight borosilicate glass meal prep containers,22.99,products/11/thumb.webp,products/11/medium.webp,products/11/large.webp
Silicone Cooking Spatula Set,Heat resistant non-stick kitchen utensil set with wooden handles,14.99,products/12/thumb.webp,products/12/medium.webp,products/12/large.webp
Electric Kettle,1.7L fast-boiling stainless steel cordless tea and water kettle,25,products/13/thumb.webp,products/13/medium.webp,products/13/large.webp
2-Slice Bread Toaster,Compact automatic pop-up toaster with 6 variable browning controls,21.5,products/14/thumb.webp,products/14/medium.webp,products/14/large.webp
Handheld Garment Steamer,Portable 1000W fast heat-up wrinkle remover for clothes and travel,34.99,products/15/thumb.webp,products/15/medium.webp,products/15/large.webp
Cordless Electric Toothbrush,Rechargeable sonic power toothbrush with timer and 3 brush heads,28.99,products/16/thumb.webp,products/16/medium.webp,products/16/large.webp
Charcoal Face Wash,Deep pore cleansing natural activated charcoal daily facial cleanser,11.5,products/17/thumb.webp,products/17/medium.webp,products/17/large.webp
Hydrating Body Lotion,Non-greasy daily moisturizer with shea butter and vitamin E 400ml,13.99,products/18/thumb.webp,products/18/medium.webp,products/18/large.webp
Natural Shampoo Bar,Zero-waste sulfate-free scalp nourishing argan oil solid shampoo,9.5,products/19/thumb.webp,products/19/medium.webp,products/19/large.webp
Wooden Hangers Pack,Pack of 20 smooth natural solid wood suit and coat clothes hangers,24.99,products/20/thumb.webp,products/20/medium.webp,products/20/large.webp
Desk LED Lamp,Dimmable eye-caring reading table light with flexible neck and touch control,18.99,products/21/thumb.webp,products/21/medium.webp,products/21/large.webp
Braided USB-C Cable,6ft heavy-duty fast-charging braided nylon Type-C sync cable,10.99,products/22/thumb.webp,products/22/medium.webp,products/22/large.webp
Wireless Optical Mouse,2.4GHz quiet-click ergonomic portable computer mouse for laptop/PC,16.5,products/23/thumb.webp,products/23/medium.webp,products/23/large.webp
Non-Slip Mouse Pad,Water-resistant rubber base smooth tracking surface mouse mat,7.99,products/24/thumb.webp,products/24/medium.webp,products/24/large.webp
Stainless Steel Cutlery Set,"24-piece dinner fork, knife, and spoon silverware set for 6",32,products/25/thumb.webp,products/25/medium.webp,products/25/large.webp
Ceramic Dinner Plates,Set of 4 minimalist matte finish 10.5-inch porcelain dinner plates,28.5,products/26/thumb.webp,products/26/medium.webp,products/26/large.webp
Glass Drinking Tumblers,"Set of 6 highball beverage glasses for water, juice, and cocktails",16.99,products/27/thumb.webp,products/27/medium.webp,products/27/large.webp
Dish Drying Rack,Rust-resistant compact countertop dish drainer with utensil holder,23.99,products/28/thumb.webp,products/28/medium.webp,products/28/large.webp
Stainless Steel Scissors,Multi-purpose heavy-duty kitchen and household craft shears,8.99,products/29/thumb.webp,products/29/medium.webp,products/29/large.webp
Laundry Hamper Basket,Foldable waterproof linen laundry sorter with reinforced carry handles,17.5,products/30/thumb.webp,products/30/medium.webp,products/30/large.webp
Wall Clock,12-inch silent non-ticking quartz battery operated modern round wall clock,15.99,products/31/thumb.webp,products/31/medium.webp,products/31/large.webp
Scented Soy Candle,Vanilla and lavender calming aromatherapy glass jar candle,14.5,products/32/thumb.webp,products/32/medium.webp,products/32/large.webp
Canvas Tote Bag,Heavy-duty reusable grocery and shopping cotton canvas shoulder bag,11.99,products/33/thumb.webp,products/33/medium.webp,products/33/large.webp
Stainless Steel Peeler,Ergonomic Y-shape swiveling blade vegetable and fruit peeler,6.5,products/34/thumb.webp,products/34/medium.webp,products/34/large.webp
Silicone Ice Cube Tray,Easy-release flexible silicone tray with spill-resistant lid,9,products/35/thumb.webp,products/35/medium.webp,products/35/large.webp
Manual Coffee Grinder,Stainless steel conical burr adjustable coarseness hand bean grinder,26.99,products/36/thumb.webp,products/36/medium.webp,products/36/large.webp
French Press Coffee Maker,34oz heat-resistant borosilicate glass coffee and loose leaf tea brewer,21.99,products/37/thumb.webp,products/37/medium.webp,products/37/large.webp
Oven Mitts & Pot Holders,Heat-resistant silicone textured quilted cotton kitchen glove set,13.5,products/38/thumb.webp,products/38/medium.webp,products/38/large.webp
Plastic Food Wrap Dispenser,Refillable cling film and aluminum foil slide cutter container,14.99,products/39/thumb.webp,products/39/medium.webp,products/39/large.webp
Reusable Silicone Zip Bags,Set of 4 leakproof airtight food grade snack and sandwich pouches,15.99,products/40/thumb.webp,products/40/medium.webp,products/40/large.webp
Plastic Step Trash Can,10-liter hands-free soft-close pedal waste bin for bathroom and office,22.5,products/41/thumb.webp,products/41/medium.webp,products/41/large.webp
Toilet Bowl Brush & Holder,Compact ventilated durable bristle bathroom deep cleaning wand,11.99,products/42/thumb.webp,products/42/medium.webp,products/42/large.webp
Bathroom Anti-Slip Mat,Super absorbent memory foam non-slip quick-dry floor rug,14,products/43/thumb.webp,products/43/medium.webp,products/43/large.webp
Microfiber Hair Towel Wrap,Super absorbent anti-frizz button twist drying turban for wet hair,8.99,products/44/thumb.webp,products/44/medium.webp,products/44/large.webp
Stainless Steel Nail Clippers,Precision sharp curved edge fingernail and toenail trimmer set,7.5,products/45/thumb.webp,products/45/medium.webp,products/45/large.webp
Safety Razor,Double edge classic chrome-plated eco-friendly shaving razor with stand,19.99,products/46/thumb.webp,products/46/medium.webp,products/46/large.webp
Shaving Cream Bowl & Brush,Rich lather badger-friendly synthetic shaving brush with ceramic bowl,16.5,products/47/thumb.webp,products/47/medium.webp,products/47/large.webp
Compact Hair Dryer,1800W ionic lightweight folding handle travel blow dryer with diffuser,29.99,products/48/thumb.webp,products/48/medium.webp,products/48/large.webp
Wooden Hair Comb,Anti-static handmade wide-tooth natural sandalwood detangling comb,9.99,products/49/thumb.webp,products/49/medium.webp,products/49/large.webp
Essential Oil Diffuser,300ml ultrasonic cool mist aromatherapy diffuser with 7 ambient LED lights,21,products/50/thumb.webp,products/50/medium.webp,products/50/large.webp
Silicone Baking Mat Set,Non-stick reusable heat-resistant pastry and cookie sheet liners,12.99,products/51/thumb.webp,products/51/medium.webp,products/51/large.webp
Stainless Steel Measuring Spoons,6-piece heavy-duty engraved measurement spoon set with ring,10.5,products/52/thumb.webp,products/52/medium.webp,products/52/large.webp
Glass Measuring Cup,500ml thick tempered glass liquid measuring jug with handle and spout,11.99,products/53/thumb.webp,products/53/medium.webp,products/53/large.webp
Handheld Immersion Blender,500W stainless steel variable speed soup puree and smoothie stick,32.5,products/54/thumb.webp,products/54/medium.webp,products/54/large.webp
Digital Food Scale,High-precision 5kg slim electronic kitchen baking scale with tare function,14.99,products/55/thumb.webp,products/55/medium.webp,products/55/large.webp
Stainless Steel Whisk,10-inch classic balloon wire egg and batter whisk with comfort grip,7.99,products/56/thumb.webp,products/56/medium.webp,products/56/large.webp
Mesh Colander Strainer,Fine wire stainless steel vegetable rinsing and pasta drainage basket,13.99,products/57/thumb.webp,products/57/medium.webp,products/57/large.webp
Salad Spinner,Large capacity manual pump vegetable lettuce washer and dryer bowl,19.99,products/58/thumb.webp,products/58/medium.webp,products/58/large.webp
Manual Citrus Juicer,"Heavy-duty die-cast aluminum lemon, lime, and orange hand squeezer",12.5,products/59/thumb.webp,products/59/medium.webp,products/59/large.webp
Garlic Press Crusher,Ergonomic easy-squeeze zinc alloy mincer with silicone tube roller,10.99,products/60/thumb.webp,products/60/medium.webp,products/60/large.webp
Stainless Steel Tongs,Pack of 2 non-slip silicone-tipped locking barbecue and cooking tongs,11.5,products/61/thumb.webp,products/61/medium.webp,products/61/large.webp
Cast Iron Skillet,10.25-inch pre-seasoned heavy-duty stovetop and oven baking frying pan,26.99,products/62/thumb.webp,products/62/medium.webp,products/62/large.webp
Insulated Lunch Bag,Leak-proof thermal tote cooler bag with shoulder strap for work/picnic,15.99,products/63/thumb.webp,products/63/medium.webp,products/63/large.webp
Stainless Steel Bento Box,Eco-friendly 3-compartment metal lunch container with silicone seal,21,products/64/thumb.webp,products/64/medium.webp,products/64/large.webp
Thermal Soup Thermos,16oz vacuum insulated wide-mouth container with foldable spoon,18.5,products/65/thumb.webp,products/65/medium.webp,products/65/large.webp
Reusable Metal Straws Set,Pack of 8 food-grade steel drinking straws with cleaning brushes,6.99,products/66/thumb.webp,products/66/medium.webp,products/66/large.webp
Ceramic Butter Dish,Porcelain butter keeper container with natural bamboo lid and knife,16,products/67/thumb.webp,products/67/medium.webp,products/67/large.webp
Salt and Pepper Shakers,Modern stainless steel and glass spice dispenser grinder set,13.99,products/68/thumb.webp,products/68/medium.webp,products/68/large.webp
Glass Olive Oil Dispenser,500ml drip-free spout cruet bottle with dust cap and scale markings,12.99,products/69/thumb.webp,products/69/medium.webp,products/69/large.webp
Magnet Fridge Whiteboard,A4 dry-erase magnetic menu planner and grocery checklist sheet,10.99,products/70/thumb.webp,products/70/medium.webp,products/70/large.webp
Indoor Succulent Planter,Set of 3 minimalist ceramic plant pots with drainage and bamboo saucers,17.99,products/71/thumb.webp,products/71/medium.webp,products/71/large.webp
Watering Can,1.5L indoor houseplant stainless steel long-spout modern watering jug,19.5,products/72/thumb.webp,products/72/medium.webp,products/72/large.webp
Pruning Shears,Heavy-duty bypass garden hand pruner shears for plant trimming,14,products/73/thumb.webp,products/73/medium.webp,products/73/large.webp
Floor Broom and Dustpan Set,Upright extendable long handle sweep set with built-in comb teeth,24.99,products/74/thumb.webp,products/74/medium.webp,products/74/large.webp
Spray Mop with Refills,Microfiber floor cleaner mop with refillable spray bottle and 3 pads,23.5,products/75/thumb.webp,products/75/medium.webp,products/75/large.webp
Window Squeegee Scraper,All-purpose silicone shower and car glass window water blade,8.99,products/76/thumb.webp,products/76/medium.webp,products/76/large.webp
Lint Roller Set,Extra sticky pet hair and lint remover with 3 replacement refill rolls,9.5,products/77/thumb.webp,products/77/medium.webp,products/77/large.webp
Foldable Clothes Drying Rack,Expandable stainless steel accordion laundry airer stand,34.99,products/78/thumb.webp,products/78/medium.webp,products/78/large.webp
Fabric Shaver / Defuzzer,Rechargeable electric sweater lint and pill remover with mesh guard,17.99,products/79/thumb.webp,products/79/medium.webp,products/79/large.webp
Shoe Storage Organizer,Clear plastic stackable sneaker drop-front storage boxes pack of 6,36,products/80/thumb.webp,products/80/medium.webp,products/80/large.webp
Shoe Horn,18-inch long handled stainless steel shoe helper for easy slipping,8.5,products/81/thumb.webp,products/81/medium.webp,products/81/large.webp
Compact Travel Umbrella,Windproof automatic open/close reinforced fiberglass folding brolly,16.99,products/82/thumb.webp,products/82/medium.webp,products/82/large.webp
Canvas Tool Bag,Durable multi-pocket zippered heavy-duty household maintenance bag,22,products/83/thumb.webp,products/83/medium.webp,products/83/large.webp
Home Tool Kit (39-Piece),"Basic household repair set with hammer, pliers, screwdriver, and tape",27.99,products/84/thumb.webp,products/84/medium.webp,products/84/large.webp
Flashlight LED Torch,Super bright 1000 lumen tactical water-resistant zoomable torch,13.99,products/85/thumb.webp,products/85/medium.webp,products/85/large.webp
Rechargeable AA Batteries,Pack of 4 high-capacity pre-charged 2400mAh NiMH batteries,12.5,products/86/thumb.webp,products/86/medium.webp,products/86/large.webp
Power Strip Surge Protector,6 AC outlets with 3 smart USB charging ports and 6ft heavy cable,18.99,products/87/thumb.webp,products/87/medium.webp,products/87/large.webp
Wireless Charging Pad,15W fast inductive charging slim disc for Qi-compatible phones/earbuds,15,products/88/thumb.webp,products/88/medium.webp,products/88/large.webp
Bluetooth Over-Ear Headphones,Active noise cancelling wireless headphones with 40-hour battery,59.99,products/89/thumb.webp,products/89/medium.webp,products/89/large.webp
True Wireless Earbuds,In-ear Bluetooth 5.3 earphones with charging case and microphone,29.99,products/90/thumb.webp,products/90/medium.webp,products/90/large.webp
Portable Bluetooth Speaker,IPX7 waterproof compact outdoor wireless speaker with deep bass,34.5,products/91/thumb.webp,products/91/medium.webp,products/91/large.webp
Adjustable Laptop Stand,Foldable aluminum ergonomic desktop cooling riser for 10-15 inch laptops,21.99,products/92/thumb.webp,products/92/medium.webp,products/92/large.webp
Mechanical Keyboard,Compact 75% tactile brown switch backlit USB wired office keyboard,45,products/93/thumb.webp,products/93/medium.webp,products/93/large.webp
Cable Organizer Box,Desk wire cord management hider box with ventilation heat-relief slots,14.99,products/94/thumb.webp,products/94/medium.webp,products/94/large.webp
A5 Hardcover Notebook,Dotted grid 120gsm bleed-proof paper journal with ribbon bookmark,11.5,products/95/thumb.webp,products/95/medium.webp,products/95/large.webp
Gel Ink Pens (10-Pack),Smooth quick-drying 0.5mm black fine point writing gel rollers,8.99,products/96/thumb.webp,products/96/medium.webp,products/96/large.webp
Sticky Notes Cube,Self-adhesive 3x3 inch brightly colored reminder notepad memo block,5.99,products/97/thumb.webp,products/97/medium.webp,products/97/large.webp
Mesh Desk Pen Holder,Classic metal wire office supply cup for stationery and markers,6.5,products/98/thumb.webp,products/98/medium.webp,products/98/large.webp
Backpack for Laptop,Water-resistant 20L travel and commuter rucksack with USB charge port,38,products/99/thumb.webp,products/99/medium.webp,products/99/large.webp
RFID Blocking Slim Wallet,Minimalist genuine leather front-pocket bifold card holder wallet,19.99,products/100/thumb.webp,products/100/medium.webp,products/100/large.webp
Sunglasses Polarized,UV400 protection lightweight classic retro style driving sunglasses,17.5,products/101/thumb.webp,products/101/medium.webp,products/101/large.webp
Analog Wristwatch,Minimalist water-resistant quartz watch with genuine leather strap,35,products/102/thumb.webp,products/102/medium.webp,products/102/large.webp
Casual Cotton T-Shirt,100% premium ringspun breathable everyday crewneck unisex tee,14.99,products/103/thumb.webp,products/103/medium.webp,products/103/large.webp
Denim Jeans,Classic regular straight-fit stretch durable daily blue denim trousers,42,products/104/thumb.webp,products/104/medium.webp,products/104/large.webp
Athletic Running Socks,Pack of 6 cushioned anti-blister moisture-wicking ankle sports socks,13.99,products/105/thumb.webp,products/105/medium.webp,products/105/large.webp
Yoga Mat 6mm,High-density non-slip eco-TPE exercise mat with carrying strap,22.99,products/106/thumb.webp,products/106/medium.webp,products/106/large.webp
Resistance Bands Set,Set of 5 loop workout exercise bands with different tension levels,11.99,products/107/thumb.webp,products/107/medium.webp,products/107/large.webp
Foam Roller for Muscles,High-density deep tissue massage roller for back and leg pain relief,16.5,products/108/thumb.webp,products/108/medium.webp,products/108/large.webp
Jump Rope,Tangle-free adjustable steel wire rapid speed skipping rope with ball bearings,9.99,products/109/thumb.webp,products/109/medium.webp,products/109/large.webp
Shaker Bottle for Protein,700ml leak-proof sports supplement mixer bottle with wire ball whisk,10.5,products/110/thumb.webp,products/110/medium.webp,products/110/large.webp
Sleep Eye Mask,3D contoured ergonomic light-blocking soft memory foam eye blindfold,8.99,products/111/thumb.webp,products/111/medium.webp,products/111/large.webp
Silicone Earplugs (3 Pairs),Sound reduction washable reusable ear plugs for sleeping and travel,7.99,products/112/thumb.webp,products/112/medium.webp,products/112/large.webp
Digital Alarm Clock,LED mirror surface clock with dual USB ports and temperature display,16.99,products/113/thumb.webp,products/113/medium.webp,products/113/large.webp
Warm Fleece Throw Blanket,"Super soft cozy microfiber plush blanket for couch, sofa, and bed",19.99,products/114/thumb.webp,products/114/medium.webp,products/114/large.webp
Cushion Cover Set,Pack of 4 modern geometric decorative 18x18 inch linen pillowcases,18,products/115/thumb.webp,products/115/medium.webp,products/115/large.webp
Door Mat Entrance Rug,Heavy-duty rubber backed dirt-trapping washable front welcome mat,14.5,products/116/thumb.webp,products/116/medium.webp,products/116/large.webp
Key Storage Wall Hook,Wood and metal entryway key hanger shelf with mail sorter slot,15.99,products/117/thumb.webp,products/117/medium.webp,products/117/large.webp
Umbrella Stand Holder,Modern metal wire square umbrella rack with removable water tray,22.5,products/118/thumb.webp,products/118/medium.webp,products/118/large.webp
Glass Water Pitcher,1.8L heat-resistant iced tea carafe with stainless steel filter lid,18.99,products/119/thumb.webp,products/119/medium.webp,products/119/large.webp
Silicone Coasters (Set of 6),Non-slip heat-resistant drink mats with holder for tabletop protect,9.99,products/120/thumb.webp,products/120/medium.webp,products/120/large.webp
Wine Bottle Opener,Heavy-duty zinc alloy winged corkscrew wine and beer bottle puller,11.5,products/121/thumb.webp,products/121/medium.webp,products/121/large.webp
Vacuum Wine Stopper,Reusable silicone airtight preserver pump to keep opened wine fresh,7.5,products/122/thumb.webp,products/122/medium.webp,products/122/large.webp
Tea Infuser Strainer,Stainless steel fine mesh ball steeper for loose leaf tea brewing,6.5,products/123/thumb.webp,products/123/medium.webp,products/123/large.webp
Stainless Steel Tea Pot,1-liter stovetop whistling tea kettle with heat-insulating handle,24.99,products/124/thumb.webp,products/124/medium.webp,products/124/large.webp
Ceramic Teacup Set,Traditional set of 4 minimalist handmade stoneware tea bowls,19,products/125/thumb.webp,products/125/medium.webp,products/125/large.webp
Honey Dispenser Jar,No-drip glass syrup and honey pot with bottom trigger pour spout,13.5,products/126/thumb.webp,products/126/medium.webp,products/126/large.webp
Bread Storage Box,Vintage metal countertop bread bin with breathable bamboo lid,27,products/127/thumb.webp,products/127/medium.webp,products/127/large.webp
Kitchen Paper Towel Holder,Freestanding weighted base stainless steel roll stand,12.99,products/128/thumb.webp,products/128/medium.webp,products/128/large.webp
Napkin Holder Stand,Modern black steel wire tissue dispenser for dining table,8.99,products/129/thumb.webp,products/129/medium.webp,products/129/large.webp
Spice Rack Organizer,2-tier rotating Lazy Susan turntable for kitchen cabinet storage,15.99,products/130/thumb.webp,products/130/medium.webp,products/130/large.webp
Glass Spice Jars (Pack of 12),120ml square seasoning bottles with shaker lids and label stickers,21.5,products/131/thumb.webp,products/131/medium.webp,products/131/large.webp
Stainless Steel Funnel Set,3-piece nesting mini funnels for filling kitchen bottles and flasks,7.99,products/132/thumb.webp,products/132/medium.webp,products/132/large.webp
Oil Sprayer for Cooking,Olive oil mister spray bottle for air fryer and barbecue salad,10.99,products/133/thumb.webp,products/133/medium.webp,products/133/large.webp
Silicone Basting Brush,Heat-resistant pastry and oil sauce brush for grilling and baking,5.99,products/134/thumb.webp,products/134/medium.webp,products/134/large.webp
Meat Thermometer Instant Read,Digital probe food thermometer with backlight for cooking and grilling,13.99,products/135/thumb.webp,products/135/medium.webp,products/135/large.webp
Egg Timer Indicator,Heat-sensitive color changing boiled egg indicator tool,4.99,products/136/thumb.webp,products/136/medium.webp,products/136/large.webp
Egg Slicer Cutter,Stainless steel wire hard-boiled egg and soft fruit portioner,6.99,products/137/thumb.webp,products/137/medium.webp,products/137/large.webp
Avocado Slicer 3-in-1,"Splitter, pitter, and slicer multi-tool for preparing fresh avocados",7.5,products/138/thumb.webp,products/138/medium.webp,products/138/large.webp
Stainless Steel Cheese Grater,4-sided box shredder with sharp etched blades for cheese and zest,12.5,products/139/thumb.webp,products/139/medium.webp,products/139/large.webp
Pizza Cutter Wheel,Sharp stainless steel rolling wheel slicer with protective finger guard,8.5,products/140/thumb.webp,products/140/medium.webp,products/140/large.webp
Silicone Trivet Mats,Set of 4 honeycomb heat-resistant pot holders and drying mats,9.99,products/141/thumb.webp,products/141/medium.webp,products/141/large.webp
Stainless Steel Mixing Bowls,Set of 5 nesting prep bowls with non-slip bases and measurement lines,28.99,products/142/thumb.webp,products/142/medium.webp,products/142/large.webp
Silicone Muffin Pan,12-cup flexible non-stick cupcake and egg muffin baking tray,13.99,products/143/thumb.webp,products/143/medium.webp,products/143/large.webp
Rolling Pin with Guide Rings,Stainless steel dough roller with adjustable thickness discs,16,products/144/thumb.webp,products/144/medium.webp,products/144/large.webp
Cookie Cutters (Pack of 10),Stainless steel shaped pastry and biscuit cutters for home baking,8.99,products/145/thumb.webp,products/145/medium.webp,products/145/large.webp
Measuring Tape 5m,Retractable durable rubber encased locking construction measuring tape,7.99,products/146/thumb.webp,products/146/medium.webp,products/146/large.webp
Utility Box Cutter Knife,Retractable heavy-duty razor utility craft knife with 5 spare blades,6.5,products/147/thumb.webp,products/147/medium.webp,products/147/large.webp
Super Glue Gel (3-Pack),"Fast-setting all-purpose instant adhesive for wood, plastic, and metal",5.5,products/148/thumb.webp,products/148/medium.webp,products/148/large.webp
Duct Tape Heavy Duty,Waterproof multi-surface high-strength adhesive repair tape roll,6.99,products/149/thumb.webp,products/149/medium.webp,products/149/large.webp
Double-Sided Mounting Tape,Strong washable traceless nano clear adhesive wall tape,7.99,products/150/thumb.webp,products/150/medium.webp,products/150/large.webp
Screwdriver Bit Set (32-in-1),Precision magnetic screwdriver kit for electronics and phone repair,14.99,products/151/thumb.webp,products/151/medium.webp,products/151/large.webp
Hex Key Allen Wrench Set,9-piece metric ball-end L-wrench set for bike and furniture assembly,10.5,products/152/thumb.webp,products/152/medium.webp,products/152/large.webp
Cable Ties (Pack of 100),Heavy-duty nylon self-locking zip ties for cable management,5.99,products/153/thumb.webp,products/153/medium.webp,products/153/large.webp
First Aid Medical Kit,"85-piece emergency first aid travel bag for home, car, and outdoor",19.99,products/154/thumb.webp,products/154/medium.webp,products/154/large.webp
Digital Body Thermometer,Quick-read waterproof oral and underarm fever thermometer,6.99,products/155/thumb.webp,products/155/medium.webp,products/155/large.webp
Hot Water Bottle with Cover,2-liter natural rubber heat pack with soft knitted cover for cramps,11.99,products/156/thumb.webp,products/156/medium.webp,products/156/large.webp
Gel Ice Pack for Injuries,Reusable flexible cold/hot therapy compress wrap for swellings,10.5,products/157/thumb.webp,products/157/medium.webp,products/157/large.webp
Lip Balm Stick (Pack of 3),All-natural beeswax and peppermint moisturizing lip butter,6.99,products/158/thumb.webp,products/158/medium.webp,products/158/large.webp
Mineral Sunscreen SPF 50,Broad spectrum water-resistant zinc oxide daily facial sunscreen 100ml,14.99,products/159/thumb.webp,products/159/medium.webp,products/159/large.webp
Hand Sanitizer Gel (500ml),75% ethyl alcohol disinfectant rinse-free hand rub pump bottle,7.5,products/160/thumb.webp,products/160/medium.webp,products/160/large.webp
Cotton Swabs Q-Tips (400ct),Eco-friendly double-tipped natural bamboo stick cotton buds,4.99,products/161/thumb.webp,products/161/medium.webp,products/161/large.webp
Facial Cotton Pads (100ct),100% pure organic soft round makeup remover cotton wool pads,3.99,products/162/thumb.webp,products/162/medium.webp,products/162/large.webp
Nail File Emery Boards (10-Pack),Double-sided professional grain manicure shaping emery boards,4.5,products/163/thumb.webp,products/163/medium.webp,products/163/large.webp
Pumice Stone Foot Scrubber,Natural volcanic rock callous remover for feet and shower pedicure,5.99,products/164/thumb.webp,products/164/medium.webp,products/164/large.webp
Shower Loofah Sponge (Pack of 3),Soft mesh body scrubber pouf ball for rich soap foaming,6.5,products/165/thumb.webp,products/165/medium.webp,products/165/large.webp
Toothpaste Squeezer Dispenser,Rolling tube squeezer key to empty toothpaste without waste,4.99,products/166/thumb.webp,products/166/medium.webp,products/166/large.webp
Floss Picks (150-Pack),High-tenacity shred-resistant dental floss sticks with toothpick tip,5.99,products/167/thumb.webp,products/167/medium.webp,products/167/large.webp
Mouthwash Dispenser Bottle,Clear glass bathroom rinse bottle with weighted pour spout and cup,14,products/168/thumb.webp,products/168/medium.webp,products/168/large.webp
Soap Dish Saver Tray,Self-draining waterfall silicone bar soap holder for sink counter,5.5,products/169/thumb.webp,products/169/medium.webp,products/169/large.webp
Shower Curtain Liner,Clear mold and mildew resistant waterproof PEVA shower curtain with magnets,11.99,products/170/thumb.webp,products/170/medium.webp,products/170/large.webp
Shower Curtain Rings (Set of 12),Rustproof stainless steel roller glide drapery hooks,7.5,products/171/thumb.webp,products/171/medium.webp,products/171/large.webp
Corner Shower Caddy,Adhesive stainless steel bathroom shampoo and soap storage shelf,18.99,products/172/thumb.webp,products/172/medium.webp,products/172/large.webp
Suction Toothbrush Holder,Wall-mounted dustproof dual toothbrush rack with magnetic cups,13.5,products/173/thumb.webp,products/173/medium.webp,products/173/large.webp
Hair Catch Drain Protector,Silicone shower drain hair stopper and tub filter cover,6.99,products/174/thumb.webp,products/174/medium.webp,products/174/large.webp
Plunger for Toilet & Sink,Heavy-duty high-pressure suction rubber cup clearing plunger,12.99,products/175/thumb.webp,products/175/medium.webp,products/175/large.webp
Laundry Detergent Sheets,Eco-friendly zero-plastic dissolvable laundry washing strips (60 washes),14.99,products/176/thumb.webp,products/176/medium.webp,products/176/large.webp
Wool Dryer Balls (Set of 6),Natural organic reusable fabric softener balls to reduce drying time,12,products/177/thumb.webp,products/177/medium.webp,products/177/large.webp
Mesh Laundry Wash Bags,Set of 5 zippered honeycomb washing protection nets for delicates,9.99,products/178/thumb.webp,products/178/medium.webp,products/178/large.webp
Stainless Steel Clothespins (40ct),Rustproof metal spring peg clips for laundry line and food bags,8.5,products/179/thumb.webp,products/179/medium.webp,products/179/large.webp
Retractable Clothesline,Indoor wall-mounted stainless steel string line for drying clothes,15.99,products/180/thumb.webp,products/180/medium.webp,products/180/large.webp
Underbed Storage Bags (Pack of 3),Foldable breathable non-woven quilt and blanket zippered organizers,16.5,products/181/thumb.webp,products/181/medium.webp,products/181/large.webp
Vacuum Storage Space Saver Bags,Set of 6 compression storage bags with manual hand pump,17.99,products/182/thumb.webp,products/182/medium.webp,products/182/large.webp
Hanging Closet Organizer,5-shelf fabric wardrobe storage unit for sweaters and accessories,14,products/183/thumb.webp,products/183/medium.webp,products/183/large.webp
Drawer Divider Organizers,"Set of 6 foldable cloth boxes for underwear, bras, and socks",13.99,products/184/thumb.webp,products/184/medium.webp,products/184/large.webp
Belt and Tie Hanger Rack,Rotating 360-degree closet hook hanger for belts and scarves,7.5,products/185/thumb.webp,products/185/medium.webp,products/185/large.webp
Shoe Deodorizer Balls (6-Pack),Aromatic odor eliminator fresheners for sneakers and gym bags,6.99,products/186/thumb.webp,products/186/medium.webp,products/186/large.webp
Jewelry Organizer Tray,Velvet-lined modular stackable drawer storage display box,15.5,products/187/thumb.webp,products/187/medium.webp,products/187/large.webp
Travel Pill Organizer Case,Moisture-proof 8-compartment daily medicine and vitamin box,6.5,products/188/thumb.webp,products/188/medium.webp,products/188/large.webp
Luggage Packing Cubes (6-Pack),Lightweight water-resistant travel suitcase compression organizer set,19.99,products/189/thumb.webp,products/189/medium.webp,products/189/large.webp
Digital Luggage Scale,50kg portable handheld electronic travel baggage hanging scale,9.99,products/190/thumb.webp,products/190/medium.webp,products/190/large.webp
Memory Foam Neck Pillow,Ergonomic 360-degree support travel flight pillow with bag,18.5,products/191/thumb.webp,products/191/medium.webp,products/191/large.webp
Universal Travel Adapter,All-in-one international AC wall plug converter with 4 USB ports,17.99,products/192/thumb.webp,products/192/medium.webp,products/192/large.webp
Passport Holder Wallet,RFID blocking waterproof travel wallet for family documents and cards,12.99,products/193/thumb.webp,products/193/medium.webp,products/193/large.webp
Luggage Identification Tags,Set of 4 aluminum metal travel bag baggage tags with steel cables,7.99,products/194/thumb.webp,products/194/medium.webp,products/194/large.webp
Travel Toiletry Bottles Set,Leakproof TSA approved silicone squeeze bottles with clear pouch,11.5,products/195/thumb.webp,products/195/medium.webp,products/195/large.webp
Eyeglass Cleaning Kit,Microfiber lens cloths with natural streak-free cleaning spray,8.5,products/196/thumb.webp,products/196/medium.webp,products/196/large.webp
Screen Cleaner Mist Spray,"2-in-1 touchscreen wipe cleaner for phone, tablet, and laptop monitors",9,products/197/thumb.webp,products/197/medium.webp,products/197/large.webp
Keyboard Cleaning Gel Putty,Dust and crumb cleaning compound slime for laptop keys and car vents,6.99,products/198/thumb.webp,products/198/medium.webp,products/198/large.webp
Air Blower Duster,Manual rubber bulb air pump dust blower for camera lenses and keyboards,5.99,products/199/thumb.webp,products/199/medium.webp,products/199/large.webp
Phone Desk Stand,Foldable aluminum multi-angle mobile smartphone and iPad cradle,10.99,products/200/thumb.webp,products/200/medium.webp,products/200/large.webp
